V.1,V.2,V.3,V.4,V.5,V.6,V.7,V.8,V.11,V.12,V.13,V.14,V.15,V.16,V.17,V.18,V.19,V.20,V.21,V.22,V.23,V.24,V.25,V.26,V.27,V.28,V.29,V.9,V.10
1,3150,920,598.5,190,1010.84,16,1200,6713,56.2,61.52,6.11,320957.3,3485.8,64.5,239.5,12456.6,15,797.3,809.8,1755,8003,67.81,63.25,3758.77,42587,628132.9,2200,4
1,7600,1140,3040,400,963.81,23,2900,3152,106,103.03,3.15,685697.5,3526.1,105.5,208.8,17584.3,15,1408.4,1473.5,8842.18,8864,105.52,105.32,12113.01,45966,1188995.8,5000,3
1,4800,840,480,100,689.84,15,630,1627,41,41.25,1.74,160401.5,1217.5,34.4,285.8,6489.1,15,614,608.2,1755,7773,45.91,38.34,1537.96,39066,524764.8,1200,2
1,685,202,13.7,20,459.54,4,140,2580.93,12.1,10.03,1.24,38193.64,287.2,13.6,17.03,154.4,12,183.6,211.1,1612.95,1649,11.62,10.06,392.96,8435.75,141542.6,165,2
1,3000,800,1230,410,631.91,13,5000,6790,203.8,162.84,6.46,1640293,10855.3,229.3,393.3,69444.8,11,2738.8,3148,9248.4,9380,158.63,169.5,10082,49572,2318397,5500,4
1,2500,640,1050,420,647.32,12,4800,6790,203.8,162.84,6.46,1640293,10855.3,229.3,393.3,69444.8,11,2738.8,3148,9248.4,9380,158.63,169.5,10082,49572,2318397,5200,4
1,1810,492,1158.4,640,843.98,11,5700,6458,224.7,198.55,6.73,1622664,15001.6,306.7,83.53,16471.38,11,2871.3,3662.6,9132.66,9260,171.13,178.3,11568,12732,2435004.3,5800,3
1,1150,380,575,500,590.68,6,5300,3131,259.5,204.02,3.44,1901366,16139,276.1,334.1,65885.5,11,3499.4,3823.6,9784.77,9867.6,191.63,212.1,7966.5,50928,2217708.7,4600,4
1,2110,540,189.9,90,732.14,5,690,4638,34.6,37.16,2.28,120470.6,1861.2,29.55,87.85,1997.35,15,481.1,667.8,1755,4730,35.67,28.87,1645.98,18966.5,390388.5,870,2
1,3030,930,515.1,170,1007.38,3,1500,7196,51.3,56.13,5.97,249110.7,2562.3,52.8,217,10445.6,15,733.8,815.5,1755,8002,60.74,54.26,2978.26,41407,601988.1,1700,4
1,750,200,90,120,846.15,6,1100,3213,44.5,49.8,2.48,176542.9,1563.4,35,129.1,4726.35,15,611.8,670.1,1755,9048,50.28,41.8,1766.35,20117,566492.3,1500,2
1,4080,790,530.4,130,759.17,7,1800,6788,54.2,59.4,5.41,280451.7,3755.8,58.1,119.75,6228.3,15,795,818.5,1755,8001,63.69,58.55,3347.72,21293.5,589389.6,2500,3
1,5030,1540,251.5,50,667.88,3,600,2309,24.3,26.87,3.51,85072.2,867.4,23.92,134.3,1872.6,15,225.7,409.3,1750,4063,27.84,18.37,1549.44,35763,420700.5,780,2
1,4040,890,1212,300,752.65,6,3800,3052,124.4,108.42,2.75,921019.4,4602.1,110.3,299.4,43446.8,15,1821.6,1963.7,9114.22,9131,116.56,119.13,9459.4,47096,1391757.1,5000,4
1,4880,1070,1854.4,380,614,5,4100,6370,190.3,154.36,5.33,1523166.6,12930,210.7,294.98,52083.6,11,2595.2,3000,9329.64,9396,148.76,159,9700,37179,1908975.7,5200,4
1,1860,480,539.4,290,836.28,4,3300,2859,111.4,104.33,2.5,704586.3,6622.6,107.5,74.85,10861.7,15,1836.6,1932.5,8920.04,8938,110.51,108.51,12423.86,11774,1181572.6,3800,3
1,1460,380,627.8,430,733.24,5,4700,5909,177.6,147.44,6.88,1451175.9,8146.1,188.9,196.65,34722.4,11,2284.4,2627.5,9297.06,9347,140.9,146.2,10149,24786,1681849.3,6300,3
1,15670,3440,7208.2,460,1010.5,5,3000,3629,137.4,125.83,3.45,1059966.2,6232.8,117.4,216.2,36571.75,14,1994.6,2025,9185.48,9208,123.37,127.33,9501.3,24130,1660444,3800,3
1,2620,670,1231.4,470,724.38,5,3900,6790,203.8,162.84,6.46,1640293,10855.3,229.3,393.3,69444.8,11,2738.8,3148,9248.4,9380,158.63,169.5,10082,49572,2318397,4800,3
1,5020,1110,1706.8,340,853.01,5,3300,3052,124.4,108.42,2.75,921019.4,4602.1,110.3,299.4,43446.8,15,1821.6,1963.7,9114.22,9131,116.56,119.13,9459.4,47096,1391757.1,4000,3
1,1830,410,494.1,270,650.57,6,3700,3152,106,103.03,3.15,685697.5,3526.1,105.5,208.8,17584.3,15,1408.4,1473.5,8842.18,8864,105.52,105.32,12113.01,45966,1188995.8,4600,4
1,3560,690,925.6,260,885.89,7,2500,3157,92.8,96.49,3.05,552124.4,3896.7,96.9,52.2,4396.08,15,1294.2,1288,8555.54,8585,95.35,94.34,12063.5,11491.5,954628.6,3100,4
1,1590,350,667.8,420,678.64,6,4900,6370,190.3,154.36,5.33,1523166.6,12930,210.7,294.98,52083.6,11,2595.2,3000,9329.64,9396,148.76,159,9700,37179,1908975.7,6300,4
1,3700,820,962,260,749.77,6,2600,2859,111.4,104.33,2.5,704586.3,6622.6,107.5,74.85,10861.7,15,1836.6,1932.5,8920.04,8938,110.51,108.51,12423.86,11774,1181572.6,3300,4
1,1450,370,406,280,702.48,5,3800,3052,124.4,108.42,2.75,921019.4,4602.1,110.3,299.4,43446.8,15,1821.6,1963.7,9114.22,9131,116.56,119.13,9459.4,47096,1391757.1,4600,4
1,1480,380,222,150,731.79,5,1700,6796,62.6,70.75,3.72,365186.2,4730.8,74.3,186,7874.4,14,886.4,909.2,7930.66,8004,73.57,69.26,4756.68,21855,669640.3,2100,4
1,6930,1780,485.1,70,718.57,5,590,2507,26.9,28.4,3.31,85347.6,1163.3,24.86,36.98,720.7,15,331.3,467.1,1751.67,4198,29.95,19.7,2000.42,9204.5,420359.6,830,3
1,2750,610,357.5,130,916.66,6,1300,3213,44.5,49.8,2.48,176542.9,1563.4,35,129.1,4726.35,15,611.8,670.1,1755,9048,50.28,41.8,1766.35,20117,566492.3,1700,3
1,3040,670,881.6,290,561.79,5,4900,7045,160,141.34,4.72,1341072.8,8245,173.8,98.33,17361.2,11,2451.2,2526.4,9254.28,9306,136.56,138.8,9291,12393,1732937.5,6800,3
1,3420,880,547.2,160,890.64,4,2000,5728,52.4,57.65,5.4,262789,2931.4,54.2,59.88,3114.15,15,746.8,815.5,1755,8013,62.78,56.45,3387.72,10646.75,606524.2,2400,3
1,2600,560,598,230,415.24,10,2100,5606,149.1,134.8,4.09,1284199.4,6622.5,147.6,432.4,73143.5,14,2220.6,2244.1,9231.76,9286,136.6,140.2,9821,48260,1734973.5,3300,3
1,3600,980,612,170,2648.04,7,250,1785,19.9,22.28,2.06,64539.9,544.5,21.11,33.58,468.15,15,226.9,347.5,1750,4527,23.28,15.27,897.88,8940.75,519679.8,420,2
1,900,300,351,390,755.51,6,2600,7045,160,141.34,4.72,1341072.8,8245,173.8,98.33,17361.2,11,2451.2,2526.4,9254.28,9306,136.56,138.8,9291,12393,1732937.5,3800,3
1,820,250,303.4,370,928.27,7,2400,3052,124.4,108.42,2.75,921019.4,4602.1,110.3,299.4,43446.8,15,1821.6,1963.7,9114.22,9131,116.56,119.13,9459.4,47096,1391757.1,3300,3
1,680,260,20.4,30,639.5,3,170,2641.34,13.1,13.09,1.11,43837.4,339.6,15.48,51.08,463.2,12,170.3,217.2,1657.66,1759,12.61,11.03,354.55,25307.25,155181.7,200,1
1,1160,300,429.2,370,474.91,5,2400,4242,245.1,225,6.54,1670609.2,18690.9,300.5,167.05,32942.75,11,3355.8,3686.3,9403.58,9489.1,179.96,189.5,11763,25464,2303248.1,2600,4
1,1160,260,185.6,160,697.66,7,990,3255,69.4,76.29,2.84,417524,5146.3,81.7,372,15748.8,14,1005,1270.5,8002.21,8058,79.65,76.92,5062.76,43710,788018.3,1300,2
1,2820,620,310.2,110,536.64,6,1300,6796,62.6,70.75,3.72,365186.2,4730.8,74.3,186,7874.4,14,886.4,909.2,7930.66,8004,73.57,69.26,4756.68,21855,669640.3,1700,4
1,760,200,106.4,140,616.47,6,940,3713,66.2,73.13,3.06,382101.5,5131.4,76.9,279,11811.6,14,907.1,1004.6,7976.88,8020,75.42,73.66,5096.97,32782.5,692600,1200,3
1,2250,690,765,340,853.01,3,2200,3052,124.4,108.42,2.75,921019.4,4602.1,110.3,299.4,43446.8,15,1821.6,1963.7,9114.22,9131,116.56,119.13,9459.4,47096,1391757.1,2500,4
1,5540,850,1551.2,280,957.42,9,1200,3678,86.2,83.21,3.25,526596.4,2790.6,94.1,334.8,14488.6,15,1143.8,1316.3,8364.78,8393,90.95,89.79,11379.37,44835,929027.1,1600,4
1,1540,400,154,100,771.33,5,700,2628,39.3,40.21,1.52,143737.7,1284.5,33.5,142.9,3244.55,15,554.0819663,663.97,1755,5827,41.79,34.76,1527.55,19533,409677.9,860,2
1,4230,820,169.2,40,780.14,7,200,1892,17.4,20.75,2.46,61843.9,504.5,20.17,107.3,989.3,15,210.1,345.3,1750,2818,19.49,14.2,694.38,34738,410490.1,340,1
1,1540,590,215.6,140,698.95,2,820,6713,59.1,65.61,5.65,339325.9,3878.4,70.2,93,3937.2,14,831.8,938.4,7924.48,7994,71.56,65.65,4294.06,10927.5,648845.6,910,2
1,4330,1110,86.6,20,421.26,4,170,1562,16.8,19.22,1.51,55940,494.6,19.23,80.48,741.98,15,222.7,288.6,1750,2687,17.23,13.37,562.83,26053.5,279532.2,220,2
1,2710,600,867.2,320,637.72,6,2300,4079,143.4,131.56,3.44,1137397.7,8758.2,132.6,324.3,54857.63,14,2014.5,2143.3,9216.19,9244,129.24,134.46,10078.4,36195,1654038.4,3100,3
1,1350,350,270,200,576.74,5,1700,2859,111.4,104.33,2.5,704586.3,6622.6,107.5,74.85,10861.7,15,1836.6,1932.5,8920.04,8938,110.51,108.51,12423.86,11774,1181572.6,2000,3
1,1260,330,189,150,875.96,5,790,6788,54.2,59.4,5.41,280451.7,3755.8,58.1,119.75,6228.3,15,795,818.5,1755,8001,63.69,58.55,3347.72,21293.5,589389.6,1000,3
1,1710,440,171,100,798.68,5,630,2374,38,39.43,0.92,134548.4,1191.1,33.7,71.45,1622.28,15,574.6,680.5,1755,5565,41.03,33.37,1601.79,9766.5,403875,780,3
1,730,190,226.3,310,893.95,6,1800,2859,111.4,104.33,2.5,704586.3,6622.6,107.5,74.85,10861.7,15,1836.6,1932.5,8920.04,8938,110.51,108.51,12423.86,11774,1181572.6,2200,4
1,450,120,58.5,130,913.31,7,690,2964,45.6,51.63,2.67,183726,1298.1,39.7,193.65,7089.53,15,627.6,669.8,1755,8690,51.89,42.87,1976.26,30175.5,611105.4,930,3
1,610,160,183,300,597.86,6,2700,4079,143.4,131.56,3.44,1137397.7,8758.2,132.6,324.3,54857.63,14,2014.5,2143.3,9216.19,9244,129.24,134.46,10078.4,36195,1654038.4,3600,4
1,3160,700,537.2,170,694.97,6,1100,2247,76.9,79.93,2.04,463829,4107.4,88.2,167.4,7244.3,15,1032.5,1203.3,8271.46,8325,85.37,82.89,8993,22417.5,833494.6,1400,3
1,370,120,40.7,110,585.22,5,1200,6713,56.2,61.52,6.11,320957.3,3485.8,64.5,239.5,12456.6,15,797.3,809.8,1755,8003,67.81,63.25,3758.77,42587,628132.9,1500,3
1,690,160,89.7,130,770.35,8,990,7196,51.3,56.13,5.97,249110.7,2562.3,52.8,217,10445.6,15,733.8,815.5,1755,8002,60.74,54.26,2978.26,41407,601988.1,1400,2
1,2140,400,813.2,380,614,5,3200,6370,190.3,154.36,5.33,1523166.6,12930,210.7,294.98,52083.6,11,2595.2,3000,9329.64,9396,148.76,159,9700,37179,1908975.7,4000,4
1,7500,1260,2775,370,820.91,11,1800,3882,130.5,117.05,2.45,961139.2,4586.1,112.8,108.1,18285.88,14,1763.9,1837.4,9153.66,9168,120.24,121.94,9576.9,12065,1673301.4,3000,3
1,2100,500,126,60,1158.47,11,300,3321,31.4,33,2.69,116552.6,1430.8,27.68,147.9,2882.8,15,763.2,582.8,1755,4695,32.83,25.62,1936.75,36818,415431.1,500,1
1,4600,1000,2668,580,3436.93,11,1300,7196,51.3,56.13,5.97,249110.7,2562.3,52.8,217,10445.6,15,733.8,815.5,1755,8002,60.74,54.26,2978.26,41407,601988.1,2100,3
1,5200,800,208,40,958.39,13,120,2671.55,13.6,14.63,1.39,48135,427.3,16.42,68.1,617.6,12,207.6,255.4,1750,2224,13.77,11.66,403.5,33743,217000.1,300,2
1,1820,400,655.2,360,474.74,5,3400,6458,224.7,198.55,6.73,1622664,15001.6,306.7,83.53,16471.38,11,2871.3,3662.6,9132.66,9260,171.13,178.3,11568,12732,2435004.3,4000,4
1,1500,350,810,540,637.93,6,4300,3131,259.5,204.02,3.44,1901366,16139,276.1,334.1,65885.5,11,3499.4,3823.6,9784.77,9867.6,191.63,212.1,7966.5,50928,2217708.7,3750,3
1,3100,640,1798,580,647.79,7,4600,2576,261.5,186.8,3.5,1970485.1,14711,294.47,69.12,13188.64,11,3746.01,4215.95,9833.67,9908,196.76,215,9258.4,12910.71,2183435,4000,3
1,2260,440,158.2,70,569.44,7,620,4638,34.6,37.16,2.28,120470.6,1861.2,29.55,87.85,1997.35,15,481.1,667.8,1755,4730,35.67,28.87,1645.98,18966.5,390388.5,860,2
1,1090,280,152.6,140,777.06,5,1500,4986,55.5,60.78,3.94,297210.1,3663.5,61.5,179.63,9342.45,15,757.8,861.8,1755,8018,65,60.53,3538.71,31940.25,610502.7,1900,4
1,2530,560,759,300,722.86,6,1800,3152,106,103.03,3.15,685697.5,3526.1,105.5,208.8,17584.3,15,1408.4,1473.5,8842.18,8864,105.52,105.32,12113.01,45966,1188995.8,2200,4
1,4070,1040,895.4,220,634.42,4,1800,2859,111.4,104.33,2.5,704586.3,6622.6,107.5,74.85,10861.7,15,1836.6,1932.5,8920.04,8938,110.51,108.51,12423.86,11774,1181572.6,2000,3
1,6000,1320,1800,300,752.65,5,2800,3052,124.4,108.42,2.75,921019.4,4602.1,110.3,299.4,43446.8,15,1821.6,1963.7,9114.22,9131,116.56,119.13,9459.4,47096,1391757.1,3400,4
1,820,260,49.2,60,644.47,4,630,3302,29.5,29.93,3.56,92354.2,1668.9,25.8,73.95,1441.4,15,431.1,550.4,1755,4252,30.13,21.54,2134.49,18409,402158.1,800,3
1,1150,300,80.5,70,718.57,5,620,2507,26.9,28.4,3.31,85347.6,1163.3,24.86,36.98,720.7,15,331.3,467.1,1751.67,4198,29.95,19.7,2000.42,9204.5,420359.6,870,2
1,4000,880,400,100,750.7,5,540,2790,35.7,37.42,1.28,124042.2,1083.9,30.49,131.78,2996.03,15,544,652.8,1755,4718,36.4,30.32,1625.98,28449.75,377633.3,680,2
1,3240,630,680.4,210,715.52,7,2300,3157,92.8,96.49,3.05,552124.4,3896.7,96.9,52.2,4396.08,15,1294.2,1288,8555.54,8585,95.35,94.34,12063.5,11491.5,954628.6,2900,3
1,1380,360,110.4,80,735.87,5,630,3840,33.4,36.56,2.32,115107.4,2211.5,28.61,43.93,998.68,15,229.2,582.9,1755,4758,34.98,27.13,1859.5,9483.25,408321.5,800,3
1,2170,480,542.5,250,854.84,6,1500,3678,86.2,83.21,3.25,526596.4,2790.6,94.1,334.8,14488.6,15,1143.8,1316.3,8364.78,8393,90.95,89.79,11379.37,44835,929027.1,1800,3
1,1820,400,200.2,110,753.66,6,920,3670,46.3,52.26,3.25,192689.2,1979,40.1,258.2,9452.7,15,629.9,764.5,1755,8420,54.62,44.79,2206.19,40234,629797.2,1200,3
1,580,150,17.4,30,631.89,6,240,1562,16.8,19.22,1.51,55940,494.6,19.23,80.48,741.98,15,222.7,288.6,1750,2687,17.23,13.37,562.83,26053.5,279532.2,370,1
1,2120,470,572.4,270,650.57,6,2900,3152,106,103.03,3.15,685697.5,3526.1,105.5,208.8,17584.3,15,1408.4,1473.5,8842.18,8864,105.52,105.32,12113.01,45966,1188995.8,3600,3
1,5110,980,1430.8,280,505.51,7,2800,5606,149.1,134.8,4.09,1284199.4,6622.5,147.6,432.4,73143.5,14,2220.6,2244.1,9231.76,9286,136.6,140.2,9821,48260,1734973.5,4200,3
1,3110,690,777.5,250,720.93,5,2600,2859,111.4,104.33,2.5,704586.3,6622.6,107.5,74.85,10861.7,15,1836.6,1932.5,8920.04,8938,110.51,108.51,12423.86,11774,1181572.6,3100,3
1,2030,450,365.4,180,565.58,6,1800,2700,103,101.84,2.65,625829.2,4386.9,100.4,156.6,13188.23,15,1424.1,1584.3,8776.71,8799,101,101.89,13571.8,34474.5,1067772,2200,4
1,4840,930,1452,300,541.61,7,3300,5606,149.1,134.8,4.09,1284199.4,6622.5,147.6,432.4,73143.5,14,2220.6,2244.1,9231.76,9286,136.6,140.2,9821,48260,1734973.5,5100,3
1,4090,900,1104.3,270,655.93,5,2200,2918,120.2,107.2,2.29,832123.7,5136.1,109.6,224.55,32585.1,15,1757.7,1817.6,9063.61,9078,112.15,115.7,10304.2,35322,1181856.2,2600,4
1,3280,720,459.2,140,805.03,6,1200,4072,47.8,57.88,3.39,198459.6,2034.8,45,54.25,2611.4,15,645.9,744.5,1755,8418,56.37,46.45,2424.37,10351.75,626960.3,1600,4
1,1610,410,177.1,110,585.22,5,1700,6713,56.2,61.52,6.11,320957.3,3485.8,64.5,239.5,12456.6,15,797.3,809.8,1755,8003,67.81,63.25,3758.77,42587,628132.9,2100,4
1,1710,440,119.7,70,525.49,5,880,2790,35.7,37.42,1.28,124042.2,1083.9,30.49,131.78,2996.03,15,544,652.8,1755,4718,36.4,30.32,1625.98,28449.75,377633.3,1100,2
1,2100,380,819,390,601.08,4,2800,6790,203.8,162.84,6.46,1640293,10855.3,229.3,393.3,69444.8,11,2738.8,3148,9248.4,9380,158.63,169.5,10082,49572,2318397,3400,4
1,1800,500,954,530,626.12,7,1900,3131,259.5,204.02,3.44,1901366,16139,276.1,334.1,65885.5,11,3499.4,3823.6,9784.77,9867.6,191.63,212.1,7966.5,50928,2217708.7,1700,4
1,1900,550,437,230,1362.92,7,550,7196,51.3,56.13,5.97,249110.7,2562.3,52.8,217,10445.6,15,733.8,815.5,1755,8002,60.74,54.26,2978.26,41407,601988.1,750,3
1,1895,550,379,200,1446.67,6,450,2272,43.4,46.94,1.72,166267.2,1179.5,34.7,64.55,2363.18,15,641.5,652.2,1755,8315,49.92,40.26,1718.9,10058.5,540680.6,580,1
1,2100,450,546,260,816.95,5,600,2700,103,101.84,2.65,625829.2,4386.9,100.4,156.6,13188.23,15,1424.1,1584.3,8776.71,8799,101,101.89,13571.8,34474.5,1067772,700,2
1,2050,700,492,240,527.22,10,2100,3629,137.4,125.83,3.45,1059966.2,6232.8,117.4,216.2,36571.75,14,1994.6,2025,9185.48,9208,123.37,127.33,9501.3,24130,1660444,3300,4
1,1052,250,168.32,160,948.12,6,770,7196,51.3,56.13,5.97,249110.7,2562.3,52.8,217,10445.6,15,733.8,815.5,1755,8002,60.74,54.26,2978.26,41407,601988.1,1000,2
1,1650,432,264,160,851.23,5,550,6713,56.2,61.52,6.11,320957.3,3485.8,64.5,239.5,12456.6,15,797.3,809.8,1755,8003,67.81,63.25,3758.77,42587,628132.9,700,2
1,3350,800,804,240,369.9,7,1300,6790,203.8,162.84,6.46,1640293,10855.3,229.3,393.3,69444.8,11,2738.8,3148,9248.4,9380,158.63,169.5,10082,49572,2318397,1600,4
1,1450,336,507.5,350,442.61,2,1800,3098,255.8,216.48,3.8,1704943.8,18468.3,292.4,250.58,49414.13,11,3447.8,3676.1,9967.33,10099.3,190.5,204.8,8857,38196,2310101.4,1850,4
1,1130,260,339,300,511.56,3,1400,5909,177.6,147.44,6.88,1451175.9,8146.1,188.9,196.65,34722.4,11,2284.4,2627.5,9297.06,9347,140.9,146.2,10149,24786,1681849.3,1700,3
1,1200,1100,300,250,451.35,7,980,5606,149.1,134.8,4.09,1284199.4,6622.5,147.6,432.4,73143.5,14,2220.6,2244.1,9231.76,9286,136.6,140.2,9821,48260,1734973.5,1500,2
1,1450,336,536.5,370,371.34,4,2300,2406,274,195.1,2.7,2171922.8,15503,319.38,207.36,39565.93,11,4188.65,4741.56,9916.9,9963,204.7,222.6,11274.9,38732.14,2606321,1900,4
1,1560,400,171.6,110,878.55,5,420,2374,38,39.43,0.92,134548.4,1191.1,33.7,71.45,1622.28,15,574.6,680.5,1755,5565,41.03,33.37,1601.79,9766.5,403875,520,2
1,2740,610,767.2,280,542.42,6,1500,7045,160,141.34,4.72,1341072.8,8245,173.8,98.33,17361.2,11,2451.2,2526.4,9254.28,9306,136.56,138.8,9291,12393,1732937.5,2200,4
1,2120,470,508.8,240,817.74,6,1100,3157,92.8,96.49,3.05,552124.4,3896.7,96.9,52.2,4396.08,15,1294.2,1288,8555.54,8585,95.35,94.34,12063.5,11491.5,954628.6,1300,3
1,1650,510,181.5,110,651.83,3,820,7196,51.3,56.13,5.97,249110.7,2562.3,52.8,217,10445.6,15,733.8,815.5,1755,8002,60.74,54.26,2978.26,41407,601988.1,920,3
1,1430,440,57.2,40,772.31,4,280,3321,31.4,33,2.69,116552.6,1430.8,27.68,147.9,2882.8,15,763.2,582.8,1755,4695,32.83,25.62,1936.75,36818,415431.1,350,2
1,720,190,72,100,798.68,6,490,2374,38,39.43,0.92,134548.4,1191.1,33.7,71.45,1622.28,15,574.6,680.5,1755,5565,41.03,33.37,1601.79,9766.5,403875,630,1
1,2070,400,269.1,130,723.64,7,730,5728,52.4,57.65,5.4,262789,2931.4,54.2,59.88,3114.15,15,746.8,815.5,1755,8013,62.78,56.45,3387.72,10646.75,606524.2,1000,3
1,1900,420,190,100,575.02,6,720,4072,47.8,57.88,3.39,198459.6,2034.8,45,54.25,2611.4,15,645.9,744.5,1755,8418,56.37,46.45,2424.37,10351.75,626960.3,940,2
1,390,100,62.4,160,547.1,8,1000,3678,86.2,83.21,3.25,526596.4,2790.6,94.1,334.8,14488.6,15,1143.8,1316.3,8364.78,8393,90.95,89.79,11379.37,44835,929027.1,1300,2
1,1540,340,446.6,290,727.56,6,1500,3052,124.4,108.42,2.75,921019.4,4602.1,110.3,299.4,43446.8,15,1821.6,1963.7,9114.22,9131,116.56,119.13,9459.4,47096,1391757.1,1900,4
1,2410,530,216.9,90,525.58,6,640,6788,54.2,59.4,5.41,280451.7,3755.8,58.1,119.75,6228.3,15,795,818.5,1755,8001,63.69,58.55,3347.72,21293.5,589389.6,840,3
1,440,120,13.2,30,779.57,8,160,2611.13,12.7,11.56,1.5,41015.52,373.9,14.54,34.05,308.8,12,192.6,232.9,1591.75,1601,11.91,10.41,363.13,16871.5,146872.1,250,2
1,1430,320,42.9,30,477.9,6,170,2422,21.4,23.81,2.51,70232.2,724.1,22.05,67.15,936.3,15,284.1,346.1,1750,3739,24.05,16.21,1013.4,17881.5,428725,270,1
1,1190,310,130.9,110,642.37,5,870,6788,54.2,59.4,5.41,280451.7,3755.8,58.1,119.75,6228.3,15,795,818.5,1755,8001,63.69,58.55,3347.72,21293.5,589389.6,1100,3
1,930,240,93,100,770.16,5,460,2693,36.2,37.64,1.55,134312.5,1529,31.43,175.7,3994.7,15,589.5,765.8,1755,4930,38.7,32.04,1653.06,37933,377828.6,580,1
1,1660,430,282.2,170,728.63,5,1200,2217,72.9,78.63,1.81,427087.7,4521.3,85.9,83.7,3622.15,15,1014.9,1104.7,8148.33,8186,83.55,80.05,6703.06,11208.75,817526.9,1500,2
1,1800,560,36,20,459.54,4,110,2580.93,12.1,10.03,1.24,38193.64,287.2,13.6,17.03,154.4,12,183.6,211.1,1612.95,1649,11.62,10.06,392.96,8435.75,141542.6,130,1
1,1500,330,540,360,867.43,7,1300,3152,106,103.03,3.15,685697.5,3526.1,105.5,208.8,17584.3,15,1408.4,1473.5,8842.18,8864,105.52,105.32,12113.01,45966,1188995.8,1700,3
1,2300,510,207,90,536.26,6,580,4691,49.1,59.29,3.53,212073.3,2103.5,47.5,108.5,5222.8,15,769.6,717.9,1755,8231,56.99,48.4,2556.96,20703.5,605688.7,740,3
1,1600,360,272,170,728.63,7,1200,2217,72.9,78.63,1.81,427087.7,4521.3,85.9,83.7,3622.15,15,1014.9,1104.7,8148.33,8186,83.55,80.05,6703.06,11208.75,817526.9,1500,2
1,2140,470,235.4,110,663.38,6,660,5275,50.9,57.62,4.3,225500.9,2684.3,50.3,162.75,7834.2,15,742.7,812.7,1755,8102,58.66,51.86,2850.2,31055.25,588020.5,840,2
1,2010,520,381.9,190,814.35,4,1200,2217,72.9,78.63,1.81,427087.7,4521.3,85.9,83.7,3622.15,15,1014.9,1104.7,8148.33,8186,83.55,80.05,6703.06,11208.75,817526.9,1400,2
1,2670,690,213.6,80,600.56,5,340,2790,35.7,37.42,1.28,124042.2,1083.9,30.49,131.78,2996.03,15,544,652.8,1755,4718,36.4,30.32,1625.98,28449.75,377633.3,430,2
1,2290,710,91.6,40,637.2,3,190,2422,21.4,23.81,2.51,70232.2,724.1,22.05,67.15,936.3,15,284.1,346.1,1750,3739,24.05,16.21,1013.4,17881.5,428725,240,1
1,2370,610,189.6,80,617.07,4,380,2628,39.3,40.21,1.52,143737.7,1284.5,33.5,142.9,3244.55,15,554.0819663,663.97,1755,5827,41.79,34.76,1527.55,19533,409677.9,450,1
1,1700,380,493,290,494.51,7,1700,5909,177.6,147.44,6.88,1451175.9,8146.1,188.9,196.65,34722.4,11,2284.4,2627.5,9297.06,9347,140.9,146.2,10149,24786,1681849.3,2300,3
1,6740,1300,674,100,603.07,6,780,5275,50.9,57.62,4.3,225500.9,2684.3,50.3,162.75,7834.2,15,742.7,812.7,1755,8102,58.66,51.86,2850.2,31055.25,588020.5,990,2
1,3180,700,1049.4,330,732.16,5,1600,3882,130.5,117.05,2.45,961139.2,4586.1,112.8,108.1,18285.88,14,1763.9,1837.4,9153.66,9168,120.24,121.94,9576.9,12065,1673301.4,2000,3
1,2630,580,315.6,120,599.1,6,850,6713,59.1,65.61,5.65,339325.9,3878.4,70.2,93,3937.2,14,831.8,938.4,7924.48,7994,71.56,65.65,4294.06,10927.5,648845.6,1100,3
1,870,230,69.6,80,650.79,6,320,4638,34.6,37.16,2.28,120470.6,1861.2,29.55,87.85,1997.35,15,481.1,667.8,1755,4730,35.67,28.87,1645.98,18966.5,390388.5,430,2
1,1810,400,488.7,270,538.07,6,2000,4079,143.4,131.56,3.44,1137397.7,8758.2,132.6,324.3,54857.63,14,2014.5,2143.3,9216.19,9244,129.24,134.46,10078.4,36195,1654038.4,2700,4
1,2190,490,503.7,230,786.46,6,1200,3678,86.2,83.21,3.25,526596.4,2790.6,94.1,334.8,14488.6,15,1143.8,1316.3,8364.78,8393,90.95,89.79,11379.37,44835,929027.1,1500,3
1,2500,640,300,120,599.1,4,810,6713,59.1,65.61,5.65,339325.9,3878.4,70.2,93,3937.2,14,831.8,938.4,7924.48,7994,71.56,65.65,4294.06,10927.5,648845.6,970,2
1,3650,940,1168,320,802.83,5,1500,3052,124.4,108.42,2.75,921019.4,4602.1,110.3,299.4,43446.8,15,1821.6,1963.7,9114.22,9131,116.56,119.13,9459.4,47096,1391757.1,1800,3
1,990,260,297,300,581.16,6,1700,7045,160,141.34,4.72,1341072.8,8245,173.8,98.33,17361.2,11,2451.2,2526.4,9254.28,9306,136.56,138.8,9291,12393,1732937.5,2500,4
1,2330,600,256.3,110,792.82,4,390,1580,40.3,40.84,1.15,150266.8,1149.5,34.1,214.35,4866.83,15,573.7265313,680.29,1755,6714,43.4,36.45,1535.16,29299.5,466212.2,460,2
1,1190,310,107.1,90,632.29,5,500,2964,45.6,51.63,2.67,183726,1298.1,39.7,193.65,7089.53,15,627.6,669.8,1755,8690,51.89,42.87,1976.26,30175.5,611105.4,630,2
1,2370,730,71.1,30,400.73,3,210,2309,24.3,26.87,3.51,85072.2,867.4,23.92,134.3,1872.6,15,225.7,409.3,1750,4063,27.84,18.37,1549.44,35763,420700.5,270,2
1,1040,270,41.6,40,534.3,5,210,2309,24.3,26.87,3.51,85072.2,867.4,23.92,134.3,1872.6,15,225.7,409.3,1750,4063,27.84,18.37,1549.44,35763,420700.5,310,2
1,5280,1160,1584,300,659.02,5,1500,3629,137.4,125.83,3.45,1059966.2,6232.8,117.4,216.2,36571.75,14,1994.6,2025,9185.48,9208,123.37,127.33,9501.3,24130,1660444,1900,4
1,760,200,174.8,230,786.46,11,810,3678,86.2,83.21,3.25,526596.4,2790.6,94.1,334.8,14488.6,15,1143.8,1316.3,8364.78,8393,90.95,89.79,11379.37,44835,929027.1,1200,2
1,920,210,119.6,130,649.02,8,1300,6713,59.1,65.61,5.65,339325.9,3878.4,70.2,93,3937.2,14,831.8,938.4,7924.48,7994,71.56,65.65,4294.06,10927.5,648845.6,1900,4
1,1020,270,142.8,140,829.6,6,840,7196,51.3,56.13,5.97,249110.7,2562.3,52.8,217,10445.6,15,733.8,815.5,1755,8002,60.74,54.26,2978.26,41407,601988.1,1100,3
1,1310,340,52.4,40,534.3,5,470,2309,24.3,26.87,3.51,85072.2,867.4,23.92,134.3,1872.6,15,225.7,409.3,1750,4063,27.84,18.37,1549.44,35763,420700.5,690,1
1,1040,270,93.6,90,718.81,5,810,2374,38,39.43,0.92,134548.4,1191.1,33.7,71.45,1622.28,15,574.6,680.5,1755,5565,41.03,33.37,1601.79,9766.5,403875,1000,3
1,200,60,6,30,718.79,11,230,2671.55,13.6,14.63,1.39,48135,427.3,16.42,68.1,617.6,12,207.6,255.4,1750,2224,13.77,11.66,403.5,33743,217000.1,500,2
1,2880,740,662.4,230,579.07,5,2300,2264,116.3,104.71,2.47,784948.5,4858.1,109.1,149.7,21723.4,15,1534.6,1795.3,9000.91,9022,109.02,112,10411.45,23548,1167697.4,2800,3
1,1820,400,546,300,541.61,7,2600,5606,149.1,134.8,4.09,1284199.4,6622.5,147.6,432.4,73143.5,14,2220.6,2244.1,9231.76,9286,136.6,140.2,9821,48260,1734973.5,3900,3
1,3050,670,1006.5,330,508.61,5,4300,6790,203.8,162.84,6.46,1640293,10855.3,229.3,393.3,69444.8,11,2738.8,3148,9248.4,9380,158.63,169.5,10082,49572,2318397,5200,4
1,850,220,68,80,548.12,5,870,3670,46.3,52.26,3.25,192689.2,1979,40.1,258.2,9452.7,15,629.9,764.5,1755,8420,54.62,44.79,2206.19,40234,629797.2,1100,3
1,1070,210,42.8,40,772.31,9,430,3321,31.4,33,2.69,116552.6,1430.8,27.68,147.9,2882.8,15,763.2,582.8,1755,4695,32.83,25.62,1936.75,36818,415431.1,670,2
1,540,140,70.2,130,759.17,7,1400,6788,54.2,59.4,5.41,280451.7,3755.8,58.1,119.75,6228.3,15,795,818.5,1755,8001,63.69,58.55,3347.72,21293.5,589389.6,1900,3
1,1800,400,378,210,659.84,6,2000,2700,103,101.84,2.65,625829.2,4386.9,100.4,156.6,13188.23,15,1424.1,1584.3,8776.71,8799,101,101.89,13571.8,34474.5,1067772,2400,3
1,3260,720,489,150,642.91,5,1500,2217,72.9,78.63,1.81,427087.7,4521.3,85.9,83.7,3622.15,15,1014.9,1104.7,8148.33,8186,83.55,80.05,6703.06,11208.75,817526.9,1800,4
1,1450,320,377,260,443.35,7,3100,5909,177.6,147.44,6.88,1451175.9,8146.1,188.9,196.65,34722.4,11,2284.4,2627.5,9297.06,9347,140.9,146.2,10149,24786,1681849.3,4200,3
1,840,220,100.8,120,690.02,6,770,4072,47.8,57.88,3.39,198459.6,2034.8,45,54.25,2611.4,15,645.9,744.5,1755,8418,56.37,46.45,2424.37,10351.75,626960.3,1000,3
1,1330,300,172.9,130,649.02,7,1100,6713,59.1,65.61,5.65,339325.9,3878.4,70.2,93,3937.2,14,831.8,938.4,7924.48,7994,71.56,65.65,4294.06,10927.5,648845.6,1500,3
1,360,100,86.4,240,409.25,8,3300,5909,177.6,147.44,6.88,1451175.9,8146.1,188.9,196.65,34722.4,11,2284.4,2627.5,9297.06,9347,140.9,146.2,10149,24786,1681849.3,4600,3
1,1910,420,152.8,80,425.62,6,1000,6713,56.2,61.52,6.11,320957.3,3485.8,64.5,239.5,12456.6,15,797.3,809.8,1755,8003,67.81,63.25,3758.77,42587,628132.9,1300,3
1,350,143,122.5,350,442.61,3,1800,3098,255.8,216.48,3.8,1704943.8,18468.3,292.4,250.58,49414.13,11,3447.8,3676.1,9967.33,10099.3,190.5,204.8,8857,38196,2310101.4,1900,3
1,900,150,63,70,751.88,6,210,3302,29.5,29.93,3.56,92354.2,1668.9,25.8,73.95,1441.4,15,431.1,550.4,1755,4252,30.13,21.54,2134.49,18409,402158.1,300,1
1,2190,420,459.9,210,652.57,7,1000,3561,98.2,98.64,2.76,602224.7,3819,97.2,104.4,8792.15,15,1298.8,1389.6,8699.73,8735,98.12,98.45,13596.37,22983,973523.7,1300,3
1,770,170,231,300,728.81,7,1400,2918,120.2,107.2,2.29,832123.7,5136.1,109.6,224.55,32585.1,15,1757.7,1817.6,9063.61,9078,112.15,115.7,10304.2,35322,1181856.2,1800,4
1,1060,240,190.8,180,784.87,7,1100,3255,69.4,76.29,2.84,417524,5146.3,81.7,372,15748.8,14,1005,1270.5,8002.21,8058,79.65,76.92,5062.76,43710,788018.3,1500,2
1,3270,510,327,100,579.84,9,230,2898,30.9,31.47,2.68,98042.9,1571.1,26.74,110.93,2162.1,15,412,768,1755,4630,31.3,23.87,1991.43,27613.5,413834.5,360,2
1,920,290,46,50,513.26,4,190,2507,26.9,28.4,3.31,85347.6,1163.3,24.86,36.98,720.7,15,331.3,467.1,1751.67,4198,29.95,19.7,2000.42,9204.5,420359.6,260,2
1,360,100,86.4,240,409.25,8,1600,5909,177.6,147.44,6.88,1451175.9,8146.1,188.9,196.65,34722.4,11,2284.4,2627.5,9297.06,9347,140.9,146.2,10149,24786,1681849.3,2200,4
1,680,180,40.8,60,644.47,6,300,3302,29.5,29.93,3.56,92354.2,1668.9,25.8,73.95,1441.4,15,431.1,550.4,1755,4252,30.13,21.54,2134.49,18409,402158.1,420,2
1,940,250,94,100,723.33,6,550,2272,43.4,46.94,1.72,166267.2,1179.5,34.7,64.55,2363.18,15,641.5,652.2,1755,8315,49.92,40.26,1718.9,10058.5,540680.6,720,2
1,7010,1200,1472.1,210,718.07,7,1200,3678,86.2,83.21,3.25,526596.4,2790.6,94.1,334.8,14488.6,15,1143.8,1316.3,8364.78,8393,90.95,89.79,11379.37,44835,929027.1,1500,2
1,1310,290,104.8,80,578.67,7,480,2272,43.4,46.94,1.72,166267.2,1179.5,34.7,64.55,2363.18,15,641.5,652.2,1755,8315,49.92,40.26,1718.9,10058.5,540680.6,650,2
1,2110,470,189.9,90,620.86,5,490,1627,41,41.25,1.74,160401.5,1217.5,34.4,285.8,6489.1,15,614,608.2,1755,7773,45.91,38.34,1537.96,39066,524764.8,590,2
1,1380,310,193.2,140,744.83,7,700,6713,56.2,61.52,6.11,320957.3,3485.8,64.5,239.5,12456.6,15,797.3,809.8,1755,8003,67.81,63.25,3758.77,42587,628132.9,960,2
1,1540,400,154,100,555.04,5,870,4986,55.5,60.78,3.94,297210.1,3663.5,61.5,179.63,9342.45,15,757.8,861.8,1755,8018,65,60.53,3538.71,31940.25,610502.7,1100,3
1,1450,320,203,140,600.05,7,840,2217,72.9,78.63,1.81,427087.7,4521.3,85.9,83.7,3622.15,15,1014.9,1104.7,8148.33,8186,83.55,80.05,6703.06,11208.75,817526.9,1100,2
1,1980,440,495,250,549.19,6,1700,3629,137.4,125.83,3.45,1059966.2,6232.8,117.4,216.2,36571.75,14,1994.6,2025,9185.48,9208,123.37,127.33,9501.3,24130,1660444,2300,4
1,2390,610,71.7,30,585.11,4,170,1892,17.4,20.75,2.46,61843.9,504.5,20.17,107.3,989.3,15,210.1,345.3,1750,2818,19.49,14.2,694.38,34738,410490.1,220,1
1,1990,440,258.7,130,721.55,6,840,4986,55.5,60.78,3.94,297210.1,3663.5,61.5,179.63,9342.45,15,757.8,861.8,1755,8018,65,60.53,3538.71,31940.25,610502.7,1100,2
1,360,80,21.6,60,644.47,11,330,3302,29.5,29.93,3.56,92354.2,1668.9,25.8,73.95,1441.4,15,431.1,550.4,1755,4252,30.13,21.54,2134.49,18409,402158.1,570,2
1,2240,430,134.4,60,434,8,390,2272,43.4,46.94,1.72,166267.2,1179.5,34.7,64.55,2363.18,15,641.5,652.2,1755,8315,49.92,40.26,1718.9,10058.5,540680.6,550,2
1,1580,363,331.8,210,526.86,8,1200,3052,124.4,108.42,2.75,921019.4,4602.1,110.3,299.4,43446.8,15,1821.6,1963.7,9114.22,9131,116.56,119.13,9459.4,47096,1391757.1,1800,3
1,1580,363,284.4,180,615.49,8,770,3678,86.2,83.21,3.25,526596.4,2790.6,94.1,334.8,14488.6,15,1143.8,1316.3,8364.78,8393,90.95,89.79,11379.37,44835,929027.1,1000,3
1,270,90,24.3,90,693.15,7,480,2693,36.2,37.64,1.55,134312.5,1529,31.43,175.7,3994.7,15,589.5,765.8,1755,4930,38.7,32.04,1653.06,37933,377828.6,650,1
1,620,160,62,100,436.04,6,1100,3255,69.4,76.29,2.84,417524,5146.3,81.7,372,15748.8,14,1005,1270.5,8002.21,8058,79.65,76.92,5062.76,43710,788018.3,1400,2
1,1510,390,241.6,160,654.09,5,1100,2247,76.9,79.93,2.04,463829,4107.4,88.2,167.4,7244.3,15,1032.5,1203.3,8271.46,8325,85.37,82.89,8993,22417.5,833494.6,1300,2
1,470,120,14.1,30,579.23,7,330,3321,31.4,33,2.69,116552.6,1430.8,27.68,147.9,2882.8,15,763.2,582.8,1755,4695,32.83,25.62,1936.75,36818,415431.1,460,2
1,1020,320,102,100,575.02,4,550,4072,47.8,57.88,3.39,198459.6,2034.8,45,54.25,2611.4,15,645.9,744.5,1755,8418,56.37,46.45,2424.37,10351.75,626960.3,670,1
1,450,120,103.5,230,505.25,7,1700,3629,137.4,125.83,3.45,1059966.2,6232.8,117.4,216.2,36571.75,14,1994.6,2025,9185.48,9208,123.37,127.33,9501.3,24130,1660444,2400,3
1,530,140,148.4,280,542.42,7,1800,7045,160,141.34,4.72,1341072.8,8245,173.8,98.33,17361.2,11,2451.2,2526.4,9254.28,9306,136.56,138.8,9291,12393,1732937.5,2700,3
1,1050,270,115.5,110,612.31,6,840,5728,52.4,57.65,5.4,262789,2931.4,54.2,59.88,3114.15,15,746.8,815.5,1755,8013,62.78,56.45,3387.72,10646.75,606524.2,1100,3
1,640,250,96,150,654.06,2,1100,3255,69.4,76.29,2.84,417524,5146.3,81.7,372,15748.8,14,1005,1270.5,8002.21,8058,79.65,76.92,5062.76,43710,788018.3,1200,3
1,400,110,40,100,499.25,7,880,6713,59.1,65.61,5.65,339325.9,3878.4,70.2,93,3937.2,14,831.8,938.4,7924.48,7994,71.56,65.65,4294.06,10927.5,648845.6,1200,3
1,1300,290,247,190,735.11,7,1100,2734,81.9,81.05,2.44,486347.8,3157.3,90.4,251.1,10866.45,15,1082.5,1176.5,8343.6,8382,87.27,85.56,10555.47,33626.25,865878.9,1400,3
1,670,180,154.1,230,577.03,6,1700,3052,124.4,108.42,2.75,921019.4,4602.1,110.3,299.4,43446.8,15,1821.6,1963.7,9114.22,9131,116.56,119.13,9459.4,47096,1391757.1,2200,3
1,510,160,15.3,30,654.64,5,150,1818,14.3,16.16,1.34,47344.8,356,17.36,26.83,247.33,15,184.7,211.9,1750,2602,14.98,12.01,408.84,8684.5,262159.4,210,2
2,780,200,241.8,310,753.11,6,1400,2918,120.2,107.2,2.29,832123.7,5136.1,109.6,224.55,32585.1,15,1757.7,1817.6,9063.61,9078,112.15,115.7,10304.2,35322,1181856.2,1700,3
2,1060,280,349.8,330,795.15,5,1600,3152,106,103.03,3.15,685697.5,3526.1,105.5,208.8,17584.3,15,1408.4,1473.5,8842.18,8864,105.52,105.32,12113.01,45966,1188995.8,1900,4
2,1580,410,47.4,30,585.11,5,210,1892,17.4,20.75,2.46,61843.9,504.5,20.17,107.3,989.3,15,210.1,345.3,1750,2818,19.49,14.2,694.38,34738,410490.1,300,1
2,1540,340,154,100,592.57,7,710,7196,51.3,56.13,5.97,249110.7,2562.3,52.8,217,10445.6,15,733.8,815.5,1755,8002,60.74,54.26,2978.26,41407,601988.1,970,3
2,770,200,146.3,190,590.42,6,1300,3561,98.2,98.64,2.76,602224.7,3819,97.2,104.4,8792.15,15,1298.8,1389.6,8699.73,8735,98.12,98.45,13596.37,22983,973523.7,1600,4
2,550,140,44,80,578.67,7,530,2272,43.4,46.94,1.72,166267.2,1179.5,34.7,64.55,2363.18,15,641.5,652.2,1755,8315,49.92,40.26,1718.9,10058.5,540680.6,720,2
2,970,250,97,100,583.97,6,360,6788,54.2,59.4,5.41,280451.7,3755.8,58.1,119.75,6228.3,15,795,818.5,1755,8001,63.69,58.55,3347.72,21293.5,589389.6,480,1
2,500,130,145,290,523.56,7,920,5606,149.1,134.8,4.09,1284199.4,6622.5,147.6,432.4,73143.5,14,2220.6,2244.1,9231.76,9286,136.6,140.2,9821,48260,1734973.5,1400,3
2,1680,370,285.6,170,490.23,6,800,2859,111.4,104.33,2.5,704586.3,6622.6,107.5,74.85,10861.7,15,1836.6,1932.5,8920.04,8938,110.51,108.51,12423.86,11774,1181572.6,1000,3
2,520,120,62.4,120,667.98,9,360,5728,52.4,57.65,5.4,262789,2931.4,54.2,59.88,3114.15,15,746.8,815.5,1755,8013,62.78,56.45,3387.72,10646.75,606524.2,520,1
2,300,80,33,110,536.64,9,670,6796,62.6,70.75,3.72,365186.2,4730.8,74.3,186,7874.4,14,886.4,909.2,7930.66,8004,73.57,69.26,4756.68,21855,669640.3,960,3
2,280,90,44.8,160,388.7,6,710,2918,120.2,107.2,2.29,832123.7,5136.1,109.6,224.55,32585.1,15,1757.7,1817.6,9063.61,9078,112.15,115.7,10304.2,35322,1181856.2,870,3
2,660,170,112.2,170,490.23,6,680,2859,111.4,104.33,2.5,704586.3,6622.6,107.5,74.85,10861.7,15,1836.6,1932.5,8920.04,8938,110.51,108.51,12423.86,11774,1181572.6,850,3
2,450,120,54,120,490.57,8,500,2247,76.9,79.93,2.04,463829,4107.4,88.2,167.4,7244.3,15,1032.5,1203.3,8271.46,8325,85.37,82.89,8993,22417.5,833494.6,670,1
2,950,250,114,120,514.33,5,500,2217,72.9,78.63,1.81,427087.7,4521.3,85.9,83.7,3622.15,15,1014.9,1104.7,8148.33,8186,83.55,80.05,6703.06,11208.75,817526.9,620,1
2,430,100,8.6,20,436.43,10,90,1818,14.3,16.16,1.34,47344.8,356,17.36,26.83,247.33,15,184.7,211.9,1750,2602,14.98,12.01,408.84,8684.5,262159.4,180,2
2,490,160,14.7,30,467.3,5,100,1785,19.9,22.28,2.06,64539.9,544.5,21.11,33.58,468.15,15,226.9,347.5,1750,4527,23.28,15.27,897.88,8940.75,519679.8,150,1
2,870,230,174,200,481.91,6,1300,3152,106,103.03,3.15,685697.5,3526.1,105.5,208.8,17584.3,15,1408.4,1473.5,8842.18,8864,105.52,105.32,12113.01,45966,1188995.8,1600,3
2,220,70,30.8,140,478.71,7,770,3678,86.2,83.21,3.25,526596.4,2790.6,94.1,334.8,14488.6,15,1143.8,1316.3,8364.78,8393,90.95,89.79,11379.37,44835,929027.1,970,2
2,600,160,12,20,392.14,6,110,2028,23.1,25.34,2.3,73530.1,754.3,22.99,100.73,1404.45,15,277.8,437,1750,3875,25.69,17.34,1232.42,26822.25,405541.8,180,1
2,2650,590,238.5,90,449.32,5,810,6713,59.1,65.61,5.65,339325.9,3878.4,70.2,93,3937.2,14,831.8,938.4,7924.48,7994,71.56,65.65,4294.06,10927.5,648845.6,1000,2
2,1370,300,109.6,80,476.68,7,640,4691,49.1,59.29,3.53,212073.3,2103.5,47.5,108.5,5222.8,15,769.6,717.9,1755,8231,56.99,48.4,2556.96,20703.5,605688.7,850,2
2,700,180,42,60,488.09,6,250,4638,34.6,37.16,2.28,120470.6,1861.2,29.55,87.85,1997.35,15,481.1,667.8,1755,4730,35.67,28.87,1645.98,18966.5,390388.5,330,2
2,1810,470,488.7,270,523.05,5,860,7045,160,141.34,4.72,1341072.8,8245,173.8,98.33,17361.2,11,2451.2,2526.4,9254.28,9306,136.56,138.8,9291,12393,1732937.5,1200,3
2,960,250,67.2,70,417.09,5,350,4691,49.1,59.29,3.53,212073.3,2103.5,47.5,108.5,5222.8,15,769.6,717.9,1755,8231,56.99,48.4,2556.96,20703.5,605688.7,430,1
2,990,310,99,100,499.25,4,550,6713,59.1,65.61,5.65,339325.9,3878.4,70.2,93,3937.2,14,831.8,938.4,7924.48,7994,71.56,65.65,4294.06,10927.5,648845.6,660,1
2,980,250,107.8,110,471.47,5,780,2217,72.9,78.63,1.81,427087.7,4521.3,85.9,83.7,3622.15,15,1014.9,1104.7,8148.33,8186,83.55,80.05,6703.06,11208.75,817526.9,960,3
2,380,100,60.8,160,547.1,8,650,3678,86.2,83.21,3.25,526596.4,2790.6,94.1,334.8,14488.6,15,1143.8,1316.3,8364.78,8393,90.95,89.79,11379.37,44835,929027.1,840,3
2,540,140,75.6,140,478.71,6,900,3678,86.2,83.21,3.25,526596.4,2790.6,94.1,334.8,14488.6,15,1143.8,1316.3,8364.78,8393,90.95,89.79,11379.37,44835,929027.1,1100,2
2,280,80,22.4,80,444.03,9,650,4986,55.5,60.78,3.94,297210.1,3663.5,61.5,179.63,9342.45,15,757.8,861.8,1755,8018,65,60.53,3538.71,31940.25,610502.7,970,2
2,1000,260,20,20,436.43,5,80,1818,14.3,16.16,1.34,47344.8,356,17.36,26.83,247.33,15,184.7,211.9,1750,2602,14.98,12.01,408.84,8684.5,262159.4,110,2
2,2390,530,239,100,499.25,6,400,6713,59.1,65.61,5.65,339325.9,3878.4,70.2,93,3937.2,14,831.8,938.4,7924.48,7994,71.56,65.65,4294.06,10927.5,648845.6,520,2
2,810,210,194.4,240,532.48,6,900,3882,130.5,117.05,2.45,961139.2,4586.1,112.8,108.1,18285.88,14,1763.9,1837.4,9153.66,9168,120.24,121.94,9576.9,12065,1673301.4,1200,3
2,230,60,18.4,80,460.02,10,350,4072,47.8,57.88,3.39,198459.6,2034.8,45,54.25,2611.4,15,645.9,744.5,1755,8418,56.37,46.45,2424.37,10351.75,626960.3,560,1
2,982.5,202.5,353.7,360,554.84,5,1900,6790,203.8,162.84,6.46,1640293,10855.3,229.3,393.3,69444.8,11,2738.8,3148,9248.4,9380,158.63,169.5,10082,49572,2318397,2300,3
2,740,190,37,50,361.67,6,340,2272,43.4,46.94,1.72,166267.2,1179.5,34.7,64.55,2363.18,15,641.5,652.2,1755,8315,49.92,40.26,1718.9,10058.5,540680.6,440,2
2,700,220,63,90,521.86,4,220,2898,30.9,31.47,2.68,98042.9,1571.1,26.74,110.93,2162.1,15,412,768,1755,4630,31.3,23.87,1991.43,27613.5,413834.5,280,1
2,960,220,67.2,70,405.89,7,140,2898,30.9,31.47,2.68,98042.9,1571.1,26.74,110.93,2162.1,15,412,768,1755,4630,31.3,23.87,1991.43,27613.5,413834.5,200,2
2,620,160,31,50,342.57,6,320,3670,46.3,52.26,3.25,192689.2,1979,40.1,258.2,9452.7,15,629.9,764.5,1755,8420,54.62,44.79,2206.19,40234,629797.2,420,2
2,730,230,14.6,20,397.43,5,150,2197,15.5,17.69,1.67,52148.6,417.7,18.3,53.65,494.65,15,202.8,260.4,1750,2455,15.85,12.54,450.34,17369,268843.7,200,2
2,1780,390,231.4,130,442.94,7,510,3157,92.8,96.49,3.05,552124.4,3896.7,96.9,52.2,4396.08,15,1294.2,1288,8555.54,8585,95.35,94.34,12063.5,11491.5,954628.6,630,2
2,520,140,78,150,466.12,7,1200,3561,98.2,98.64,2.76,602224.7,3819,97.2,104.4,8792.15,15,1298.8,1389.6,8699.73,8735,98.12,98.45,13596.37,22983,973523.7,1500,2
2,930,240,46.5,50,513.26,6,220,2507,26.9,28.4,3.31,85347.6,1163.3,24.86,36.98,720.7,15,331.3,467.1,1751.67,4198,29.95,19.7,2000.42,9204.5,420359.6,330,2
2,670,180,46.9,70,539.11,6,290,2693,36.2,37.64,1.55,134312.5,1529,31.43,175.7,3994.7,15,589.5,765.8,1755,4930,38.7,32.04,1653.06,37933,377828.6,370,1
2,550,140,77,140,439.9,7,1000,2700,103,101.84,2.65,625829.2,4386.9,100.4,156.6,13188.23,15,1424.1,1584.3,8776.71,8799,101,101.89,13571.8,34474.5,1067772,1300,3
2,430,110,81.7,190,476.68,8,820,3052,124.4,108.42,2.75,921019.4,4602.1,110.3,299.4,43446.8,15,1821.6,1963.7,9114.22,9131,116.56,119.13,9459.4,47096,1391757.1,1200,3
2,1230,270,98.4,80,474.06,6,680,7196,51.3,56.13,5.97,249110.7,2562.3,52.8,217,10445.6,15,733.8,815.5,1755,8002,60.74,54.26,2978.26,41407,601988.1,890,3
2,840,215,218.4,260,1495.05,10,440,4072,47.8,57.88,3.39,198459.6,2034.8,45,54.25,2611.4,15,645.9,744.5,1755,8418,56.37,46.45,2424.37,10351.75,626960.3,700,3
2,730,190,65.7,90,542.77,6,490,5275,50.9,57.62,4.3,225500.9,2684.3,50.3,162.75,7834.2,15,742.7,812.7,1755,8102,58.66,51.86,2850.2,31055.25,588020.5,620,2
2,470,120,32.9,70,493.59,7,380,3213,44.5,49.8,2.48,176542.9,1563.4,35,129.1,4726.35,15,611.8,670.1,1755,9048,50.28,41.8,1766.35,20117,566492.3,520,2
2,800,210,56,70,372.41,6,440,6713,56.2,61.52,6.11,320957.3,3485.8,64.5,239.5,12456.6,15,797.3,809.8,1755,8003,67.81,63.25,3758.77,42587,628132.9,570,1
2,760,240,15.2,20,459.54,4,80,2580.93,12.1,10.03,1.24,38193.64,287.2,13.6,17.03,154.4,12,183.6,211.1,1612.95,1649,11.62,10.06,392.96,8435.75,141542.6,100,2
2,850,220,59.5,70,422.15,5,520,5275,50.9,57.62,4.3,225500.9,2684.3,50.3,162.75,7834.2,15,742.7,812.7,1755,8102,58.66,51.86,2850.2,31055.25,588020.5,630,2
2,310,80,31,100,487.86,9,770,6796,62.6,70.75,3.72,365186.2,4730.8,74.3,186,7874.4,14,886.4,909.2,7930.66,8004,73.57,69.26,4756.68,21855,669640.3,1100,3
2,670,180,174.2,260,469.4,7,1100,5606,149.1,134.8,4.09,1284199.4,6622.5,147.6,432.4,73143.5,14,2220.6,2244.1,9231.76,9286,136.6,140.2,9821,48260,1734973.5,1700,3
2,1070,280,74.9,70,539.11,6,260,2693,36.2,37.64,1.55,134312.5,1529,31.43,175.7,3994.7,15,589.5,765.8,1755,4930,38.7,32.04,1653.06,37933,377828.6,330,2
2,920,290,36.8,40,325.39,4,370,4638,34.6,37.16,2.28,120470.6,1861.2,29.55,87.85,1997.35,15,481.1,667.8,1755,4730,35.67,28.87,1645.98,18966.5,390388.5,450,1
2,940,250,56.4,60,462.8,5,190,2628,39.3,40.21,1.52,143737.7,1284.5,33.5,142.9,3244.55,15,554.0819663,663.97,1755,5827,41.79,34.76,1527.55,19533,409677.9,230,2
2,2490,550,199.2,80,467.18,6,700,6788,54.2,59.4,5.41,280451.7,3755.8,58.1,119.75,6228.3,15,795,818.5,1755,8001,63.69,58.55,3347.72,21293.5,589389.6,930,2
2,1110,250,88.8,80,390.29,7,900,6796,62.6,70.75,3.72,365186.2,4730.8,74.3,186,7874.4,14,886.4,909.2,7930.66,8004,73.57,69.26,4756.68,21855,669640.3,1200,2
2,580,150,75.4,130,442.94,7,1100,3157,92.8,96.49,3.05,552124.4,3896.7,96.9,52.2,4396.08,15,1294.2,1288,8555.54,8585,95.35,94.34,12063.5,11491.5,954628.6,1300,2
2,330,90,23.1,70,414.8,9,320,7196,51.3,56.13,5.97,249110.7,2562.3,52.8,217,10445.6,15,733.8,815.5,1755,8002,60.74,54.26,2978.26,41407,601988.1,470,1
2,720,190,165.6,230,354.48,6,1200,6790,203.8,162.84,6.46,1640293,10855.3,229.3,393.3,69444.8,11,2738.8,3148,9248.4,9380,158.63,169.5,10082,49572,2318397,1500,2
2,1080,240,205.2,190,343.02,6,1000,5606,149.1,134.8,4.09,1284199.4,6622.5,147.6,432.4,73143.5,14,2220.6,2244.1,9231.76,9286,136.6,140.2,9821,48260,1734973.5,1500,3
2,370,120,3.7,10,196.07,5,180,2028,23.1,25.34,2.3,73530.1,754.3,22.99,100.73,1404.45,15,277.8,437,1750,3875,25.69,17.34,1232.42,26822.25,405541.8,270,1
2,370,100,74,200,481.91,8,650,3152,106,103.03,3.15,685697.5,3526.1,105.5,208.8,17584.3,15,1408.4,1473.5,8842.18,8864,105.52,105.32,12113.01,45966,1188995.8,830,2
2,580,150,75.4,130,531.45,6,870,2247,76.9,79.93,2.04,463829,4107.4,88.2,167.4,7244.3,15,1032.5,1203.3,8271.46,8325,85.37,82.89,8993,22417.5,833494.6,1100,3
2,520,140,109.2,210,323.66,6,1000,6790,203.8,162.84,6.46,1640293,10855.3,229.3,393.3,69444.8,11,2738.8,3148,9248.4,9380,158.63,169.5,10082,49572,2318397,1300,3
2,350,110,35,100,499.25,6,550,6713,59.1,65.61,5.65,339325.9,3878.4,70.2,93,3937.2,14,831.8,938.4,7924.48,7994,71.56,65.65,4294.06,10927.5,648845.6,710,3
2,620,160,136.4,220,375.15,6,1100,5909,177.6,147.44,6.88,1451175.9,8146.1,188.9,196.65,34722.4,11,2284.4,2627.5,9297.06,9347,140.9,146.2,10149,24786,1681849.3,1500,3
2,1120,290,358.4,320,421.99,6,1600,6458,224.7,198.55,6.73,1622664,15001.6,306.7,83.53,16471.38,11,2871.3,3662.6,9132.66,9260,171.13,178.3,11568,12732,2435004.3,1900,4
2,360,100,28.8,80,463.87,8,210,2898,30.9,31.47,2.68,98042.9,1571.1,26.74,110.93,2162.1,15,412,768,1755,4630,31.3,23.87,1991.43,27613.5,413834.5,310,2
2,460,120,96.6,210,461.32,7,1300,3629,137.4,125.83,3.45,1059966.2,6232.8,117.4,216.2,36571.75,14,1994.6,2025,9185.48,9208,123.37,127.33,9501.3,24130,1660444,1800,4
2,400,110,40,100,428.61,8,740,2217,72.9,78.63,1.81,427087.7,4521.3,85.9,83.7,3622.15,15,1014.9,1104.7,8148.33,8186,83.55,80.05,6703.06,11208.75,817526.9,1000,3
2,430,110,73.1,170,409.62,7,650,3152,106,103.03,3.15,685697.5,3526.1,105.5,208.8,17584.3,15,1408.4,1473.5,8842.18,8864,105.52,105.32,12113.01,45966,1188995.8,840,2
2,1230,320,86.1,70,479.6,5,240,3670,46.3,52.26,3.25,192689.2,1979,40.1,258.2,9452.7,15,629.9,764.5,1755,8420,54.62,44.79,2206.19,40234,629797.2,300,2
2,950,250,171,180,358.72,5,580,4079,143.4,131.56,3.44,1137397.7,8758.2,132.6,324.3,54857.63,14,2014.5,2143.3,9216.19,9244,129.24,134.46,10078.4,36195,1654038.4,740,2
2,750,200,45,60,423.07,6,360,3213,44.5,49.8,2.48,176542.9,1563.4,35,129.1,4726.35,15,611.8,670.1,1755,9048,50.28,41.8,1766.35,20117,566492.3,470,1
2,200,100,46,230,445.56,3,820,7045,160,141.34,4.72,1341072.8,8245,173.8,98.33,17361.2,11,2451.2,2526.4,9254.28,9306,136.56,138.8,9291,12393,1732937.5,1000,3
2,6700,2500,603,90,279.67,9,580,3561,98.2,98.64,2.76,602224.7,3819,97.2,104.4,8792.15,15,1298.8,1389.6,8699.73,8735,98.12,98.45,13596.37,22983,973523.7,800,3
2,810,210,48.6,60,432.44,6,260,1580,40.3,40.84,1.15,150266.8,1149.5,34.1,214.35,4866.83,15,573.7265313,680.29,1755,6714,43.4,36.45,1535.16,29299.5,466212.2,330,2
2,450,120,4.5,10,193.08,7,180,3321,31.4,33,2.69,116552.6,1430.8,27.68,147.9,2882.8,15,763.2,582.8,1755,4695,32.83,25.62,1936.75,36818,415431.1,260,2
2,780,200,117,150,432.56,6,1000,2859,111.4,104.33,2.5,704586.3,6622.6,107.5,74.85,10861.7,15,1836.6,1932.5,8920.04,8938,110.51,108.51,12423.86,11774,1181572.6,1300,3
2,940,250,244.4,260,400.72,5,1400,6790,203.8,162.84,6.46,1640293,10855.3,229.3,393.3,69444.8,11,2738.8,3148,9248.4,9380,158.63,169.5,10082,49572,2318397,1700,3
2,370,120,81.4,220,339.07,5,1600,6790,203.8,162.84,6.46,1640293,10855.3,229.3,393.3,69444.8,11,2738.8,3148,9248.4,9380,158.63,169.5,10082,49572,2318397,2000,3
2,8800,2960,264,30,231.4,8,700,2628,39.3,40.21,1.52,143737.7,1284.5,33.5,142.9,3244.55,15,554.0819663,663.97,1755,5827,41.79,34.76,1527.55,19533,409677.9,1000,3
2,1750,300,52.5,30,400.73,10,130,2309,24.3,26.87,3.51,85072.2,867.4,23.92,134.3,1872.6,15,225.7,409.3,1750,4063,27.84,18.37,1549.44,35763,420700.5,240,1
2,1520,470,60.8,40,289.33,4,250,2272,43.4,46.94,1.72,166267.2,1179.5,34.7,64.55,2363.18,15,641.5,652.2,1755,8315,49.92,40.26,1718.9,10058.5,540680.6,290,1
2,2170,480,195.3,90,439.07,6,340,6796,62.6,70.75,3.72,365186.2,4730.8,74.3,186,7874.4,14,886.4,909.2,7930.66,8004,73.57,69.26,4756.68,21855,669640.3,430,1
2,1020,230,71.4,70,408.78,7,290,6788,54.2,59.4,5.41,280451.7,3755.8,58.1,119.75,6228.3,15,795,818.5,1755,8001,63.69,58.55,3347.72,21293.5,589389.6,400,1
2,1410,310,239.7,170,338.79,6,960,4079,143.4,131.56,3.44,1137397.7,8758.2,132.6,324.3,54857.63,14,2014.5,2143.3,9216.19,9244,129.24,134.46,10078.4,36195,1654038.4,1300,2
2,1360,350,149.6,110,374.8,5,400,3157,92.8,96.49,3.05,552124.4,3896.7,96.9,52.2,4396.08,15,1294.2,1288,8555.54,8585,95.35,94.34,12063.5,11491.5,954628.6,470,1
2,970,250,9.7,10,196.07,5,100,2028,23.1,25.34,2.3,73530.1,754.3,22.99,100.73,1404.45,15,277.8,437,1750,3875,25.69,17.34,1232.42,26822.25,405541.8,150,1
2,420,110,79.8,190,307,8,750,6370,190.3,154.36,5.33,1523166.6,12930,210.7,294.98,52083.6,11,2595.2,3000,9329.64,9396,148.76,159,9700,37179,1908975.7,1000,3
2,530,140,31.8,60,350.38,7,450,6788,54.2,59.4,5.41,280451.7,3755.8,58.1,119.75,6228.3,15,795,818.5,1755,8001,63.69,58.55,3347.72,21293.5,589389.6,610,1
2,1920,490,115.2,60,411.09,4,300,3670,46.3,52.26,3.25,192689.2,1979,40.1,258.2,9452.7,15,629.9,764.5,1755,8420,54.62,44.79,2206.19,40234,629797.2,360,1
2,690,180,89.7,130,444.52,6,540,3678,86.2,83.21,3.25,526596.4,2790.6,94.1,334.8,14488.6,15,1143.8,1316.3,8364.78,8393,90.95,89.79,11379.37,44835,929027.1,660,2
2,500,110,25,50,459.92,9,160,3840,33.4,36.56,2.32,115107.4,2211.5,28.61,43.93,998.68,15,229.2,582.9,1755,4758,34.98,27.13,1859.5,9483.25,408321.5,240,2
2,520,140,36.4,70,305.23,6,330,3255,69.4,76.29,2.84,417524,5146.3,81.7,372,15748.8,14,1005,1270.5,8002.21,8058,79.65,76.92,5062.76,43710,788018.3,420,2
2,1510,330,166.1,110,341.82,6,640,3561,98.2,98.64,2.76,602224.7,3819,97.2,104.4,8792.15,15,1298.8,1389.6,8699.73,8735,98.12,98.45,13596.37,22983,973523.7,770,2
2,540,140,113.4,210,406.81,7,610,7045,160,141.34,4.72,1341072.8,8245,173.8,98.33,17361.2,11,2451.2,2526.4,9254.28,9306,136.56,138.8,9291,12393,1732937.5,890,2
2,470,130,126.9,270,416.13,7,750,6790,203.8,162.84,6.46,1640293,10855.3,229.3,393.3,69444.8,11,2738.8,3148,9248.4,9380,158.63,169.5,10082,49572,2318397,950,2
2,630,170,163.8,260,342.87,6,1100,6458,224.7,198.55,6.73,1622664,15001.6,306.7,83.53,16471.38,11,2871.3,3662.6,9132.66,9260,171.13,178.3,11568,12732,2435004.3,1300,3
2,370,80,51.8,140,337.33,14,470,3152,106,103.03,3.15,685697.5,3526.1,105.5,208.8,17584.3,15,1408.4,1473.5,8842.18,8864,105.52,105.32,12113.01,45966,1188995.8,880,3
2,1670,370,83.5,50,291.99,7,410,6788,54.2,59.4,5.41,280451.7,3755.8,58.1,119.75,6228.3,15,795,818.5,1755,8001,63.69,58.55,3347.72,21293.5,589389.6,560,1
2,630,160,107.1,170,412.99,6,810,2918,120.2,107.2,2.29,832123.7,5136.1,109.6,224.55,32585.1,15,1757.7,1817.6,9063.61,9078,112.15,115.7,10304.2,35322,1181856.2,1000,2
2,680,160,142.8,210,379.13,8,900,5606,149.1,134.8,4.09,1284199.4,6622.5,147.6,432.4,73143.5,14,2220.6,2244.1,9231.76,9286,136.6,140.2,9821,48260,1734973.5,1400,2
2,1380,360,289.8,210,339.32,5,690,6370,190.3,154.36,5.33,1523166.6,12930,210.7,294.98,52083.6,11,2595.2,3000,9329.64,9396,148.76,159,9700,37179,1908975.7,880,2
2,550,150,22,40,308.06,7,200,2693,36.2,37.64,1.55,134312.5,1529,31.43,175.7,3994.7,15,589.5,765.8,1755,4930,38.7,32.04,1653.06,37933,377828.6,270,2
2,1510,330,392.6,260,400.72,6,960,6790,203.8,162.84,6.46,1640293,10855.3,229.3,393.3,69444.8,11,2738.8,3148,9248.4,9380,158.63,169.5,10082,49572,2318397,1200,3
2,990,260,158.4,160,402.83,5,830,2264,116.3,104.71,2.47,784948.5,4858.1,109.1,149.7,21723.4,15,1534.6,1795.3,9000.91,9022,109.02,112,10411.45,23548,1167697.4,1000,3
2,1700,290,323,190,417.38,9,820,3629,137.4,125.83,3.45,1059966.2,6232.8,117.4,216.2,36571.75,14,1994.6,2025,9185.48,9208,123.37,127.33,9501.3,24130,1660444,1300,2
2,1120,250,246.4,220,339.07,7,1200,6790,203.8,162.84,6.46,1640293,10855.3,229.3,393.3,69444.8,11,2738.8,3148,9248.4,9380,158.63,169.5,10082,49572,2318397,1500,2
2,600,160,72,120,291.53,6,630,2918,120.2,107.2,2.29,832123.7,5136.1,109.6,224.55,32585.1,15,1757.7,1817.6,9063.61,9078,112.15,115.7,10304.2,35322,1181856.2,770,2
2,1160,260,92.8,80,352.27,7,400,3713,66.2,73.13,3.06,382101.5,5131.4,76.9,279,11811.6,14,907.1,1004.6,7976.88,8020,75.42,73.66,5096.97,32782.5,692600,530,2
2,450,120,81,180,324.97,7,920,5606,149.1,134.8,4.09,1284199.4,6622.5,147.6,432.4,73143.5,14,2220.6,2244.1,9231.76,9286,136.6,140.2,9821,48260,1734973.5,1400,3
2,610,160,73.2,120,302.12,7,440,2264,116.3,104.71,2.47,784948.5,4858.1,109.1,149.7,21723.4,15,1534.6,1795.3,9000.91,9022,109.02,112,10411.45,23548,1167697.4,550,2
2,800,250,8,10,229.77,4,40,2580.93,12.1,10.03,1.24,38193.64,287.2,13.6,17.03,154.4,12,183.6,211.1,1612.95,1649,11.62,10.06,392.96,8435.75,141542.6,50,2
2,480,130,62.4,130,403.97,7,420,3561,98.2,98.64,2.76,602224.7,3819,97.2,104.4,8792.15,15,1298.8,1389.6,8699.73,8735,98.12,98.45,13596.37,22983,973523.7,530,1
2,1210,270,193.6,160,318.86,7,680,4079,143.4,131.56,3.44,1137397.7,8758.2,132.6,324.3,54857.63,14,2014.5,2143.3,9216.19,9244,129.24,134.46,10078.4,36195,1654038.4,1000,2
2,1910,420,305.6,160,388.7,6,810,2918,120.2,107.2,2.29,832123.7,5136.1,109.6,224.55,32585.1,15,1757.7,1817.6,9063.61,9078,112.15,115.7,10304.2,35322,1181856.2,990,3
2,1230,270,123,100,341.94,6,630,3678,86.2,83.21,3.25,526596.4,2790.6,94.1,334.8,14488.6,15,1143.8,1316.3,8364.78,8393,90.95,89.79,11379.37,44835,929027.1,770,3
2,1540,340,338.8,220,339.07,6,660,6790,203.8,162.84,6.46,1640293,10855.3,229.3,393.3,69444.8,11,2738.8,3148,9248.4,9380,158.63,169.5,10082,49572,2318397,830,2
2,1380,360,82.8,60,245.28,5,430,2247,76.9,79.93,2.04,463829,4107.4,88.2,167.4,7244.3,15,1032.5,1203.3,8271.46,8325,85.37,82.89,8993,22417.5,833494.6,530,1
2,950,250,133,140,337.33,6,610,3152,106,103.03,3.15,685697.5,3526.1,105.5,208.8,17584.3,15,1408.4,1473.5,8842.18,8864,105.52,105.32,12113.01,45966,1188995.8,750,3
2,1980,510,336.6,170,329.32,5,790,7045,160,141.34,4.72,1341072.8,8245,173.8,98.33,17361.2,11,2451.2,2526.4,9254.28,9306,136.56,138.8,9291,12393,1732937.5,1100,2
2,280,90,11.2,40,325.39,6,180,4638,34.6,37.16,2.28,120470.6,1861.2,29.55,87.85,1997.35,15,481.1,667.8,1755,4730,35.67,28.87,1645.98,18966.5,390388.5,240,1
2,1000,260,160,160,309.95,5,860,7045,160,141.34,4.72,1341072.8,8245,173.8,98.33,17361.2,11,2451.2,2526.4,9254.28,9306,136.56,138.8,9291,12393,1732937.5,1200,3
2,1530,390,15.3,10,193.08,5,120,3321,31.4,33,2.69,116552.6,1430.8,27.68,147.9,2882.8,15,763.2,582.8,1755,4695,32.83,25.62,1936.75,36818,415431.1,160,2
2,640,170,102.4,160,351.48,6,700,3629,137.4,125.83,3.45,1059966.2,6232.8,117.4,216.2,36571.75,14,1994.6,2025,9185.48,9208,123.37,127.33,9501.3,24130,1660444,930,3
2,400,130,36,90,307.74,5,330,3678,86.2,83.21,3.25,526596.4,2790.6,94.1,334.8,14488.6,15,1143.8,1316.3,8364.78,8393,90.95,89.79,11379.37,44835,929027.1,390,2
2,410,110,20.5,50,301.54,8,400,5275,50.9,57.62,4.3,225500.9,2684.3,50.3,162.75,7834.2,15,742.7,812.7,1755,8102,58.66,51.86,2850.2,31055.25,588020.5,570,1
2,520,140,57.2,110,341.82,7,420,3561,98.2,98.64,2.76,602224.7,3819,97.2,104.4,8792.15,15,1298.8,1389.6,8699.73,8735,98.12,98.45,13596.37,22983,973523.7,530,2
2,2020,450,282.8,140,310.61,6,500,3882,130.5,117.05,2.45,961139.2,4586.1,112.8,108.1,18285.88,14,1763.9,1837.4,9153.66,9168,120.24,121.94,9576.9,12065,1673301.4,660,1
2,830,260,24.9,30,216.22,4,190,1580,40.3,40.84,1.15,150266.8,1149.5,34.1,214.35,4866.83,15,573.7265313,680.29,1755,6714,43.4,36.45,1535.16,29299.5,466212.2,220,2
2,810,210,251.1,310,408.8,6,810,6458,224.7,198.55,6.73,1622664,15001.6,306.7,83.53,16471.38,11,2871.3,3662.6,9132.66,9260,171.13,178.3,11568,12732,2435004.3,960,3
2,2620,580,786,300,395.62,6,1000,6458,224.7,198.55,6.73,1622664,15001.6,306.7,83.53,16471.38,11,2871.3,3662.6,9132.66,9260,171.13,178.3,11568,12732,2435004.3,1200,2
2,510,130,20.4,40,300.28,7,150,2790,35.7,37.42,1.28,124042.2,1083.9,30.49,131.78,2996.03,15,544,652.8,1755,4718,36.4,30.32,1625.98,28449.75,377633.3,200,1
2,1150,260,161,140,307.54,7,990,3629,137.4,125.83,3.45,1059966.2,6232.8,117.4,216.2,36571.75,14,1994.6,2025,9185.48,9208,123.37,127.33,9501.3,24130,1660444,1400,3
2,1160,260,313.2,270,436.27,7,1200,6370,190.3,154.36,5.33,1523166.6,12930,210.7,294.98,52083.6,11,2595.2,3000,9329.64,9396,148.76,159,9700,37179,1908975.7,1600,4
2,940,240,141,150,377.65,6,430,2264,116.3,104.71,2.47,784948.5,4858.1,109.1,149.7,21723.4,15,1534.6,1795.3,9000.91,9022,109.02,112,10411.45,23548,1167697.4,510,1
2,540,140,37.8,70,372.41,7,420,6713,56.2,61.52,6.11,320957.3,3485.8,64.5,239.5,12456.6,15,797.3,809.8,1755,8003,67.81,63.25,3758.77,42587,628132.9,570,2
2,1650,430,297,180,433.72,5,490,3152,106,103.03,3.15,685697.5,3526.1,105.5,208.8,17584.3,15,1408.4,1473.5,8842.18,8864,105.52,105.32,12113.01,45966,1188995.8,580,2
2,1820,470,382.2,210,379.13,5,720,5606,149.1,134.8,4.09,1284199.4,6622.5,147.6,432.4,73143.5,14,2220.6,2244.1,9231.76,9286,136.6,140.2,9821,48260,1734973.5,980,3
2,2690,590,591.8,220,339.07,6,1000,6790,203.8,162.84,6.46,1640293,10855.3,229.3,393.3,69444.8,11,2738.8,3148,9248.4,9380,158.63,169.5,10082,49572,2318397,1300,3
2,1600,410,368,230,295.21,5,1500,4242,245.1,225,6.54,1670609.2,18690.9,300.5,167.05,32942.75,11,3355.8,3686.3,9403.58,9489.1,179.96,189.5,11763,25464,2303248.1,1600,4
2,14500,4870,3480,240,303.5,11,750,3098,255.8,216.48,3.8,1704943.8,18468.3,292.4,250.58,49414.13,11,3447.8,3676.1,9967.33,10099.3,190.5,204.8,8857,38196,2310101.4,700,2
2,5500,1760,1100,200,341.04,6,670,5909,177.6,147.44,6.88,1451175.9,8146.1,188.9,196.65,34722.4,11,2284.4,2627.5,9297.06,9347,140.9,146.2,10149,24786,1681849.3,900,3
2,14500,5000,580,40,237.03,7,220,7196,51.3,56.13,5.97,249110.7,2562.3,52.8,217,10445.6,15,733.8,815.5,1755,8002,60.74,54.26,2978.26,41407,601988.1,300,2
2,1560,520,624,400,422.6,6,2300,2265,267.8,192.1,2.4,2116613.8,16335,306.93,138.24,26377.29,11,3962.24,4472.3,9925.49,9988,201.66,218.4,11479.8,25821.42,2271543.7,2000,3
2,810,250,32.4,40,274.06,5,570,3670,46.3,52.26,3.25,192689.2,1979,40.1,258.2,9452.7,15,629.9,764.5,1755,8420,54.62,44.79,2206.19,40234,629797.2,720,2
2,840,190,67.2,80,273.55,8,650,3678,86.2,83.21,3.25,526596.4,2790.6,94.1,334.8,14488.6,15,1143.8,1316.3,8364.78,8393,90.95,89.79,11379.37,44835,929027.1,840,3
2,1070,280,160.5,150,290.58,6,1500,7045,160,141.34,4.72,1341072.8,8245,173.8,98.33,17361.2,11,2451.2,2526.4,9254.28,9306,136.56,138.8,9291,12393,1732937.5,2100,3
2,1060,330,21.2,20,205.31,4,210,2507,26.9,28.4,3.31,85347.6,1163.3,24.86,36.98,720.7,15,331.3,467.1,1751.67,4198,29.95,19.7,2000.42,9204.5,420359.6,280,1
2,1390,360,41.7,30,206.95,4,350,1627,41,41.25,1.74,160401.5,1217.5,34.4,285.8,6489.1,15,614,608.2,1755,7773,45.91,38.34,1537.96,39066,524764.8,400,1
2,560,220,22.4,40,319.47,3,350,2374,38,39.43,0.92,134548.4,1191.1,33.7,71.45,1622.28,15,574.6,680.5,1755,5565,41.03,33.37,1601.79,9766.5,403875,400,1
2,580,150,104.4,180,348.7,7,1400,7045,160,141.34,4.72,1341072.8,8245,173.8,98.33,17361.2,11,2451.2,2526.4,9254.28,9306,136.56,138.8,9291,12393,1732937.5,2100,4
2,2350,610,423,180,324.97,4,860,5606,149.1,134.8,4.09,1284199.4,6622.5,147.6,432.4,73143.5,14,2220.6,2244.1,9231.76,9286,136.6,140.2,9821,48260,1734973.5,1100,2
2,910,240,163.8,180,277.42,6,960,6790,203.8,162.84,6.46,1640293,10855.3,229.3,393.3,69444.8,11,2738.8,3148,9248.4,9380,158.63,169.5,10082,49572,2318397,1200,2
2,830,260,41.5,50,287.51,4,600,4072,47.8,57.88,3.39,198459.6,2034.8,45,54.25,2611.4,15,645.9,744.5,1755,8418,56.37,46.45,2424.37,10351.75,626960.3,730,2
2,1590,410,333.9,210,323.66,5,1100,6790,203.8,162.84,6.46,1640293,10855.3,229.3,393.3,69444.8,11,2738.8,3148,9248.4,9380,158.63,169.5,10082,49572,2318397,1300,2
2,1170,300,163.8,140,337.33,6,510,3152,106,103.03,3.15,685697.5,3526.1,105.5,208.8,17584.3,15,1408.4,1473.5,8842.18,8864,105.52,105.32,12113.01,45966,1188995.8,630,1
2,3080,680,215.6,70,238.51,5,850,3157,92.8,96.49,3.05,552124.4,3896.7,96.9,52.2,4396.08,15,1294.2,1288,8555.54,8585,95.35,94.34,12063.5,11491.5,954628.6,1000,3
2,1120,290,190.4,170,306.91,5,1600,5606,149.1,134.8,4.09,1284199.4,6622.5,147.6,432.4,73143.5,14,2220.6,2244.1,9231.76,9286,136.6,140.2,9821,48260,1734973.5,2200,3
2,810,250,32.4,40,275.94,4,390,1627,41,41.25,1.74,160401.5,1217.5,34.4,285.8,6489.1,15,614,608.2,1755,7773,45.91,38.34,1537.96,39066,524764.8,450,1
2,870,230,208.8,240,308.05,5,1300,4242,245.1,225,6.54,1670609.2,18690.9,300.5,167.05,32942.75,11,3355.8,3686.3,9403.58,9489.1,179.96,189.5,11763,25464,2303248.1,1400,3
2,2310,600,531.3,230,303.3,4,1400,6458,224.7,198.55,6.73,1622664,15001.6,306.7,83.53,16471.38,11,2871.3,3662.6,9132.66,9260,171.13,178.3,11568,12732,2435004.3,1600,3
2,1370,360,191.8,140,271.21,5,1200,7045,160,141.34,4.72,1341072.8,8245,173.8,98.33,17361.2,11,2451.2,2526.4,9254.28,9306,136.56,138.8,9291,12393,1732937.5,1700,4
2,3400,750,714,210,323.66,6,2200,6790,203.8,162.84,6.46,1640293,10855.3,229.3,393.3,69444.8,11,2738.8,3148,9248.4,9380,158.63,169.5,10082,49572,2318397,2700,4
2,2100,600,210,100,288.37,10,640,2859,111.4,104.33,2.5,704586.3,6622.6,107.5,74.85,10861.7,15,1836.6,1932.5,8920.04,8938,110.51,108.51,12423.86,11774,1181572.6,970,3
2,1840,420,220.8,120,263.61,5,1500,3629,137.4,125.83,3.45,1059966.2,6232.8,117.4,216.2,36571.75,14,1994.6,2025,9185.48,9208,123.37,127.33,9501.3,24130,1660444,1900,4
2,1520,350,212.8,140,310.61,13,1200,3882,130.5,117.05,2.45,961139.2,4586.1,112.8,108.1,18285.88,14,1763.9,1837.4,9153.66,9168,120.24,121.94,9576.9,12065,1673301.4,2100,3
2,2500,510,325,130,251.84,6,1100,7045,160,141.34,4.72,1341072.8,8245,173.8,98.33,17361.2,11,2451.2,2526.4,9254.28,9306,136.56,138.8,9291,12393,1732937.5,1600,3
2,900,250,45,50,278.32,7,350,5728,52.4,57.65,5.4,262789,2931.4,54.2,59.88,3114.15,15,746.8,815.5,1755,8013,62.78,56.45,3387.72,10646.75,606524.2,480,1
2,1350,350,108,80,251.37,9,830,2700,103,101.84,2.65,625829.2,4386.9,100.4,156.6,13188.23,15,1424.1,1584.3,8776.71,8799,101,101.89,13571.8,34474.5,1067772,1100,2
2,600,150,36,60,299.55,6,570,6713,59.1,65.61,5.65,339325.9,3878.4,70.2,93,3937.2,14,831.8,938.4,7924.48,7994,71.56,65.65,4294.06,10927.5,648845.6,740,2
2,1900,430,285,150,364.41,7,640,2918,120.2,107.2,2.29,832123.7,5136.1,109.6,224.55,32585.1,15,1757.7,1817.6,9063.61,9078,112.15,115.7,10304.2,35322,1181856.2,860,3
2,510,160,30.6,60,245.28,9,790,2247,76.9,79.93,2.04,463829,4107.4,88.2,167.4,7244.3,15,1032.5,1203.3,8271.46,8325,85.37,82.89,8993,22417.5,833494.6,1100,2
2,890,230,35.6,40,237.03,6,350,7196,51.3,56.13,5.97,249110.7,2562.3,52.8,217,10445.6,15,733.8,815.5,1755,8002,60.74,54.26,2978.26,41407,601988.1,460,2
